,Name,Industry,Sector,Headquarters,Founded,Notes
0,Aban Offshore,Oil & gas,Exploration & production,Chennai,1986,"Oil, petrochemical"
1,ABG Shipyard,Industrials,Shipbuilding,Ahmedabad,1985,Ship engineering
2,ABP Group,Consumer services,Broadcasting & entertainment,Kolkata,1922,"Media, news"
3,ACC Limited,Industrials,Building materials & fixtures,Mumbai,1936,Cement
4,Acko General Insurance,Insurance,Insurance,Mumbai,2016,Insurance
5,Action Construction Equipment (ACE),Heavy equipment,Construction equipment,Faridabad,1995,"Bulldozer,Cranes"
6,ACG Group,Conglomerate,Pharmaceutical materials & machinery,Mumbai,1961,Machinery
7,Action Group,Conglomerate,-,New Delhi,1972,"Apparel, chemicals, retail, steel"
8,Adani Group,Conglomerate,-,Ahmedabad,1988,Conglomerate
9,Aditya Birla Group,Conglomerate,-,Mumbai,1857,"Agribusiness, cement, chemicals"
10,Ador Group,Conglomerate,-,Mumbai,1977,"Electronics, energy, chemicals"
11,Advanced Weapons and Equipment India,Industrials,Defense,Kanpur,2021,Weapons
12,Afcons Infrastructure,Industrials,Heavy construction,Mumbai,1959,Constructions
13,Agriculture Insurance Company of India,Insurance,Insurance,New Delhi,2002,Insurance
14,Air Costa,Consumer services,Airlines,Vijayawada,2013,Defunct 2017
15,Air India,Consumer services,Airlines,New Delhi,1932,Airline
16,Air India Express,Consumer services,Airlines,Kochi,2005,"Low-cost airline, part of Air India"
17,Allcargo Logistics,Industrials,Delivery services,Mumbai,1993,Logistics
18,Alkem Laboratories,Health care,Pharmaceuticals,Mumbai,1973,Pharma
19,Amartex,Consumer services,Apparel retailers,Gurugram,1984,Clothing retail
20,Ambuja Cements,Industrials,Building materials & fixtures,Mumbai,1983,Cement
21,Amrutanjan Healthcare,Health care,Pharmaceuticals,Chennai,1893,Alternative medicines
22,Amul,Consumer goods,Food products,Anand,1946,Dairy
23,Angel One,Financials,Stock broker,Mumbai,1996,Stock broker
24,Apollo Hospitals,Health care,Health care providers,Chennai,1983,Hospital chain
25,Apollo Tyres,Consumer goods,Tires,Gurugram,1972,"Tyres, parts"
26,Aptech,Industrials,Business training & employment agencies,Mumbai,1986,Training
27,Archies,Consumer services,Specialty retailers,New Delhi,1979,Greeting cards
28,Arise India,Consumer goods,Consumer electronics,Delhi,1995,Electrical goods
29,Artemis Hospital,Health care,Hospital,Gurgaon,2007,Hospital
30,Arvind,Conglomerate,-,Ahmedabad,1931,"Clothing, engineering, real estate"
31,Armoured Vehicles Nigam (AVANI),Industrials,Defense,Chennai,2021,Armoured Vehicles
32,Atul,Integrated Chemicals,Chemicals,Ahmedabad,1947,Integrated Chemicals
33,Ashok Leyland,Industrials,Commercial vehicles & trucks,Chennai,1948,"Bus, trucks, defense vehicles"
34,Asia MotorWorks,Industrials,Commercial vehicles & trucks,Mumbai,2002,Trucks
35,Asian Paints Ltd,Basic materials,Paints and coatings,Mumbai,1942,Paints
36,Avantha Group,Conglomerate,-,New Delhi,1919,"Chemicals, I/T, BPO"
37,Axis Bank,Financials,Banks,Ahmedabad,1993,"Private sector bank, but majority shareholder is Central Government"
38,Bajaj Auto,Consumer goods,Automobiles,Pune,1945,"Motorcycles, part of Bajaj Group"
39,Bajaj Group,Conglomerate,-,Pune,1945,"Motorcycles, Financial Services, Electricals, Sugar, Iron & Steel, Insurance, Consumer goods"
40,Balaji Group,Conglomerate,-,Mumbai,1926,"Automotive, financials, insurance"
41,Balaji Telefilms,Consumer services,Broadcasting & entertainment,Mumbai,1994,Film production
42,Ballarpur Industries Limited,Basic materials,Paper,Gurugram,1945,Paper
43,Bank of Baroda,Financials,Banks,Vadodara,1908,State-owned bank
44,Bank of India,Financials,Banks,Mumbai,1906,Government-owned bank
45,Bank of Maharashtra,Financials,Banks,Pune,1935,Government-owned bank
46,Bellatrix Aerospace,Space,Rocket & space,Bengaluru,2015,Launch Vehicle & Satellite
47,BGR Energy Systems Ltd,Oil & gas,Equipment & services,Chennai,1952,
48,BluSmart Mobility,Ride-sharing,Ride-sharing,Gurgaon,2019,Ride-sharing
49,Bharat Aluminium Company,Basic materials,Aluminium,New Delhi,1965,"Aluminium, part of Vedanta Resources (UK)"
50,Bharat Biotech,Health care,Biotecnology,Hyderabad,1996,Drug Development & Vaccine
51,Bharat Dynamics Limited,Industrials,Aerospace & defense,Hyderabad,1970,"State-owned missiles, defense"
52,Bharat Earth Movers,Industrials,Commercial vehicles & trucks,Bengaluru,1964,"Defense vehicles, heavy construction vehicles, rail vehicles"
53,Bharat Electronics Limited,Industrials,Aerospace & defense,Bengaluru,1954,"State-owned electronics, defense"
54,Bharat Forge,Industrials,Industrial engineering,Pune,1961,"Engineering and machinery, part of Kalyani Group"
55,Bharat Heavy Electricals,Industrials,Electrical components & equipment,New Delhi,1964,State electrical engineering
56,Bharat Petroleum,Oil & gas,Exploration & production,Mumbai,1976,State petrochemical
57,Bharat Sanchar Nigam Limited,Telecommunications,Fixed line telecommunications,New Delhi,2000,State telecom
58,Bharati Shipyard,Industrials,Shipbuilding,Mumbai,1973,Shipyard
59,Bharti Airtel,Telecommunications,Mobile telecommunications,New Delhi,1995,Mobile network
60,Bharatiya Nabhikiya Vidyut Nigam Limited (BHAVINI),Utilities,Nuclear industry,Chennai,2003,State nuclear power generation
61,Black Box Corporation,Technology,Internet,Navi Mumbai,1975,Parts of Essar Group
62,Blue Star,Industrials,Electronic & electrical equipment,Mumbai,1943,Home appliance company
63,Biocon,Health care,Pharmaceuticals & biotechnology,Bengaluru,1978,Pharmaceutical ingredients
64,Bombay Dyeing,Basic materials,Textile products,Mumbai,1879,Textiles
65,Bonn Group of Industries,Consumer goods,Food products,Ludhiana,1985,Baked goods
66,Borosil,Consumer goods,Glass,Mumbai,1962,Glass
67,BPL Group,Consumer goods,Consumer electronics,Palakkad,1963,Consumer electronics
68,BrahMos Aerospace,Defense,Missile systems,New Delhi,1998,Missile systems
69,Britannia Industries,Consumer goods,Food products,Kolkata,1892,Food products
70,Brigade Enterprises,Real estate,Real estate,Bangalore,1986,Real estate
71,Cadila Healthcare,Health care,Pharmaceuticals,Ahmedabad,1952,Pharma
72,Caf√© Coffee Day,Consumer services,Restaurants & bars,Bengaluru,1996,Cafe chain
73,Calcutta Tramways Company,Consumer services,Travel & tourism,Kolkata,1880,Public rail transportation
74,Canara Bank,Financials,Banks,Bangalore,1906,State-owned bank
75,CaratLane,Consumer services,Broadline retailers,Chennai,2008,E-commerce
76,CEAT,Consumer goods,Tires,Mumbai,1958,Tyres
77,Celkon,Consumer goods,Consumer electronics,Hyderabad,2009,Mobile handsets
78,Century Plyboards,Consumer goods,Materials,Kolkata,1986,Plywood
79,Centum Electronics,Electronics,Electronics,Bangalore,1993,Electronics
80,Central Bank of India,Financials,Banks,Mumbai,1911,Central bank
81,CESC Limited,Utilities,Conventional electricity,Kolkata,1897,Electrical distribution
82,Chennai Petroleum Corporation,Oil & gas,Exploration & production,Chennai,1965,State oil and gas
83,Cipla,Health care,Pharmaceuticals,Mumbai,1935,Pharma
84,City Union Bank,Financials,Banks,Kumbakonam,1904,Bank
85,CMC,Industrials,Business support services,New Delhi,1975,Information technology consulting
86,Coal India Limited,Basic materials,Coal,Kolkata,1975,Coal mining
87,Cochin Minerals and Rutile Limited,Basic materials,Specialty chemicals,Kochi,1989,Minerals
88,Cochin Shipyard Limited,Industrials,Shipbuilding,Kochi,1972,Ship building
89,Computer Age Management Services,Financials,Stocks,Chennai,1988,"Stock market, Mutual fund"
90,Container Corporation of India,Industrials,Rail transportation,New Delhi,1988,Part of Indian Railways
91,Coromandel International,Basic materials,Specialty chemicals,Hyderabad,1960,"Fertilizers, pesticides"
92,Cosmic Circuits,Technology,Semiconductors,Bengaluru,2005,Acquired by Cadence Design Systems (US)
93,Crompton Greaves,Utilities,Conventional electricity,Mumbai,1878,Electrical distribution
94,Crossword Bookstores,Books,Bookstore,Mumbai,1992,Bookstore
95,CSB Bank,Financials,Banks,Thrissur,1920,Private bank
96,Cyient,Technology,Software & IT services,Hyderabad,1991,"Engineering outsourcing services, software management & technology consulting"
97,Dabur,Health care,Pharmaceuticals,Ghaziabad,1884,Alternative medicines
98,Damodar Valley Corporation,Utilities,Conventional electricity,Kolkata,1948,Power
99,Datamatics,Technology,Software,Mumbai,1987,"Software, BPO"
100,Deccan Charters,Consumer services,Airlines,Bengaluru,1997,Charter airline
101,Dedicated Freight Corridor Corporation of India,Transport,Freight rail,New Delhi,2006,Part of Indian Railways
102,Dempo,Basic materials,General mining,Panaji,1941,Mining
103,Dena Bank,Financials,Banks,Mumbai,1938,State bank
104,Dish TV,Consumer services,Broadcasting & entertainment,Noida,2003,Satellite television
105,Dixon Technologies,Electronics Manufacturing Services,Electronics,Noida,1993,Electronics Manufacturing Services
106,DLF,Financials,Real estate holding & development,New Delhi,1946,Developer
107,DMart,Consumer goods,Retail,Mumbai,2002,Shopping mall
108,Dr. Reddy's Laboratories,Health care,Pharmaceuticals,Hyderabad,1984,Pharma
109,Dynamatic Technologies,precision engineering,"Aerospace, Automotive, Hydraulics, Security",Bangalore,1973,precision engineering
110,EaseMyTrip,travel booking,Travel,New Delhi,2008,travel booking
111,Edelweiss Group,Finance & Investment,Finance,Mumbai,1995,Finance & Investment
112,Electronics Corporation of India Limited,Electronics,Nuclear electronics,Hyderabad,1967,Electronics
113,Eicher Motors,Industrials,Commercial vehicles & trucks,Gurugram,1948,"Bus, trucks"
114,EID Parry,Consumer goods,Food products,Chennai,1788,"Sugar, distillery"
115,Emami,Conglomerate,-,Kolkata,1974,"Fast-moving consumer goods, healthcare, retail"
116,Emcure Pharmaceuticals,Health care,Pharmaceuticals,Pune,1983,Pharma
117,Engineers India,Oil & gas,Equipment & services,New Delhi,1965,Engineering and consulting
118,English Indian Clays,Basic materials,General mining,New Delhi,1963,Clay
119,Escorts Group,Industrials,Industrial engineering,Faridabad,1960,"Heavy equipment, machines"
120,Essar Group,Conglomerate,-,Mumbai,1969,"Steel, oil & gas, shipping, real estate"
121,Essel Group,Conglomerate,-,Mumbai,1926,"Media, technology, basic materials"
122,Eureka Forbes,Consumer goods,Consumer electronics,Mumbai,1982,Home goods and equipment
123,Eveready Industries India,Consumer goods,Durable household products,Kolkata,1905,"Batteries, flashlights, lamps"
124,Exide Industries,Industrials,Electrical components & equipment,Kolkata,1947,Batteries
125,Exide Life Insurance,Financials,Life insurance,Bengaluru,2001,"Life insurance, part of Exide Industries"
126,Federal Bank,Financials,Banks,Kochi,1931,Private bank
127,Financial Technologies Group,Technology,Software,Chennai,1988,Financial technology
128,Firstsource,Industrials,Business support services,Mumbai,2001,BPO
129,Flipkart,Consumer services,E-commerce,Bengaluru,2007,E-commerce
130,Forbes & Company Limited,Technology,"Banking Kiosk, ATM, Robotics, Industrial Automation",Mumbai,1767,"Part of Shapoorji Pallonji Group that makes Banking Kiosk, ATM, Robotics, Industrial Automation"
131,Force Motors,Consumer goods,Automobiles,Pune,1958,"Three wheelers, cars"
132,Fortis Healthcare,Health care,Health care providers,Gurugram,2001,Hospitals
133,Future Group,Consumer services,Diversified retailers,Mumbai,1987,"Diversified retail, FMCG"
134,GAIL,Utilities,Gas distribution,New Delhi,1984,Natural gas
135,Galaxy Surfactants,Chemicals company,Chemicals,Navi Mumbai,1980,Chemicals
136,Garden Reach Shipbuilders & Engineers,Industrials,Shipbuilding,Kolkata,1884,Ship building
137,Geojit Financial Services,Financials,Investment Services,Kochi,1987,Investment Advisory Services
138,Gini & Jony,Clothes,Textile,Mumbai,1980,Children's clothes
139,Glenmark Pharmaceuticals,Health care,Pharmaceuticals,Mumbai,1977,Pharma
140,GMR Group,Financials,Real estate holding & development,Bengaluru,1978,Development projects
141,Goa Shipyard,Industrials,Shipbuilding,Goa,1957,Ship building
142,GoAir Airlines,Consumer services,Airlines,Mumbai,2005,Low-cost airline
143,Godrej Group,Conglomerate,-,Mumbai,1897,"Aerospace, consumer goods, real estate, defense"
144,Great Eastern Shipping,Industrials,Marine transportation,Mumbai,1948,Shipping
145,Greaves Cotton,Industrials,Industrial engineering,Mumbai,1859,"Engines, gensets, construction equipment, farm equipment & pumps"
146,Greenply,Consumer goods,Materials,Tinsukia,1990,Plywood
147,Gujarat Alkalies and Chemicals Limited (GACL),Basic materials,Speciality chemicals,Noida,1973,Produce chemicals
148,Gujarat Mineral Development Corporation (GMDC),Basic materials,General mining,Ahmedabad,1963,"Mining, metals"
149,Gujarat State Fertilizers and Chemicals (GSFC),Basic materials,Fertilizers,Vadodara,1962,Fertilizers
150,Gujarat State Petroleum Corporation (GSPC),Oil & gas,Exploration & production,Ahmedabad,1979,Petrochemical
151,GVK,Conglomerate,-,Hyderabad,2005[3],"Energy, transportation, hospitality"
152,Haldiram's,Consumer goods,Food products,Bikaner,1937,Sweets and snacks
153,Hatsun Agro Product,Consumer goods,Food products,Chennai,1970,Arun Icecreams;Arokya Milk; Hatsun Daily;Ibaco; Oyalo; Santosa.
154,Havells,Industrials,Electrical components & equipment,Noida,1958,Electrical equipment
155,Hawkins Cookers,Consumer goods,Durable household products,Mumbai,1921,Cookware
156,HCL Technologies,Industrials,Business support services,Noida,1976,Consulting
157,HDFC Bank,Financials,Banks,Mumbai,1994,Bank
158,HDIL,Financials,Real estate holding & development,Mumbai,1996,Real estate development
159,Hero Cycles,Consumer goods,Recreational products,Ludhiana,1956,Bicycles
160,Hero FinCorp,Financials,Banks,New Delhi,1991,"Financing, part of Hero MotoCorp"
161,Hero MotoCorp,Consumer goods,Automobiles,Gurugram,1984,"Motorcycles, part of Hero Cycles"
162,HFCL,Telecom,"optical fiber, telecom equipment",New Delhi,1987,Telecom
163,Hindalco Industries,Basic materials,Aluminium,Mumbai,1958,Aluminium
164,Hindustan Aeronautics Limited,Industrials,Aerospace & defense,Bengaluru,1940,State-owned aircraft
165,Hindustan Construction Company,Financials,Real estate holding & development,Mumbai,1926,Real estate development
166,Hindustan Copper,Basic materials,Nonferrous metals,Kolkata,1967,State-run mining
167,Hindustan Motors,Consumer goods,Automobiles,Kolkata,1942,Part of CK Birla Group
168,Hindustan Petroleum,Oil & gas,Exploration & production,Mumbai,1974,State run oil & gas
169,Hindustan Shipyard,Industrials,Shipbuilding,Visakhapatnam,1941,Ship building
170,Hindustan Times,Consumer services,Publishing,New Delhi,1924,Daily newspaper
171,Hindustan Unilever,Consumer goods,FMCG,Mumbai,1933,Britain's Unilever plc owns 61.90%
172,Hindustan Zinc,Basic materials,Nonferrous metals,Udaipur,1966,"Mining, part of Vedanta Resources (UK)"
173,HLL Lifecare,Health care,Pharmaceuticals & life sciences,Thiruvananthapuram,1966,"State-owned condoms, contraceptives & surgical equipment manufacturing"
174,HMT,Industrials,General industry,Bengaluru,1953,State-owned manufacturing
175,Housing Development Finance Corporation (HDFC),Financials,Financial services,Mumbai,1977,Housing finance
176,iball,Consumer goods,Consumer electronics,Mumbai,2001,"Consumer items, computers"
177,ICICI Bank,Financials,Banks,Mumbai,1994,International bank
178,IDBI Bank,Financials,Banks,Mumbai,1964,State bank
179,Idea Cellular,Telecommunications,Mobile telecommunications,Mumbai,1995,Mobile network
180,Ideal Jawa,Consumer goods,Automobiles,Mysuru,1960,re-launched in 2022
181,IDFC First Bank,Financials,Banking,Mumbai,2015,part of IDFC
182,IIFL Holdings Limited,Financial,Financial services,Mumbai,1995,Financial services
183,Integral Coach Factory,Industrials,Railway coach,Chennai,1955,Parts of Indian Railways
184,Ircon International,Industrials,Railway construction,New Delhi,1976,Parts of Indian Railways
185,Indian Railway Finance Corporation,Financials,Railway finance,New Delhi,1976,Parts of Indian Railways
186,Infrastructure Development Finance Company (IDFC),Financials,Asset managers,Chennai,1997,"Finance, advice"
187,Infrastructure Leasing & Financial Services (IL&FS),Industrials,Financial services,Mumbai,1987,Infrastructure development
188,India Cements,Industrials,Building materials & fixtures,Tirunelveli,1946,Cement
189,India Optel,Industrials,Defense,Dehradun,2021,Opto-electronics
190,Indiabulls,Financials,Financial services,Gurugram,2000,Finance
191,Indian Bank,Financials,Banks,Chennai,1907,State-owned financial services
192,Indian Express Limited,Consumer services,Publishing,New Delhi,1932,Publisher
193,Indian Oil Corporation,Oil & gas,Exploration & production,New Delhi,1959,Petrochemicals
194,Indian Overseas Bank,Financials,Banks,Chennai,1937,Public bank
195,Indian Railways,Industrials,Railroads,New Delhi,1853,State railway
196,Indian Railway Stations Development Corporation,Railway Station redevelopment,Railroads,New Delhi,2012,Railway Station redevelopment
197,Indian Telephone Industries Limited,Technology,Telecommunications equipment,Bengaluru,1949,State telecom equipment
198,IndiGo,Consumer services,Airlines,Gurugram,2006,Low-cost airline
199,Indo Gulf Fertilisers,Basic materials,Specialty chemicals,Jagdishpur,1998[4],Fertilizers
200,IndusInd Bank,Financials,Banks,Mumbai,1994,Bank
201,Infibeam,Consumer services,Broadline retailers,Ahmedabad,2007,Online shopping
202,Infosys,Industrials,Business support services,Bengaluru,1981,Consulting
203,InMobi,Technology,Internet,Bangalore,2007,Online marketing
204,Inox Air Products,Industrial,Industrial suppliers,Mumbai,1963,Industrial gases
205,Inox Wind,Utilities,Alternative electricity,Noida,1963,Wind power
206,Intelenet Global Services,Industrials,Business support services,Mumbai,2000,"Consulting, BPO"
207,Intex Technologies,Consumer goods,Consumer electronics,New Delhi,1996,Mobile handsets
208,ITC,Conglomerate,-,Kolkata,1910,"Consumer goods, hotels, industrials"
209,Ittiam Systems,Technology,Software & IT services,Bengaluru,2001,Digital signal processing services
210,Jabong.com,Consumer services,Broadline retailers,Gurugram,2012,"E-commerce portal, defunct 2020"
211,Jain Irrigation Systems,Industrials,Agricultural & farm machinery,Jalgaon,1986,Irrigation equipment
212,Jaypee Group,Conglomerate,-,Noida,1979,"Engineering, real estate, cement"
213,Jet Airways,Consumer services,Airlines,Mumbai,1992,Revived in 2022
214,Jindal Steel and Power,Basic materials,Iron & steel,New Delhi,1952,Steel
215,JSW Ispat Steel,Basic materials,Iron & steel,Nagpur,1984,"Steel, mining"
216,JSW Steel Ltd,Basic materials,Iron & steel,Mumbai,1982,Steel
217,Jubilant FoodWorks,Consumer services,Restaurants & bars,Noida,1995,Food services
218,Kerala Electrical and Allied Engineering Company (KEL),Industrials,Electrical components & equipment,Kochi,1964,Heavy electricals
219,Khadim's,Consumer goods,Footwear,Kolkata,1981,Best shoe brand in India
220,Kalyani Group,Conglomerate,-,Pune,?,"Engineering, Steel, Automotive, Defense, Energy, Infrastructure"
221,Karbonn Mobiles,Telecommunications,Mobile telecommunications,Bengaluru,2009,Mobile network
222,Karnataka Bank,Financials,Banks,Mangaluru,1924,Bank
223,Karur Vysya Bank,Financials,Banks,Karur,1916,Bank
224,Kingfisher,Consumer goods,Brewers,Bangaluru,1857,"Alcoholic beverages, part of United Breweries Group"
225,Kirloskar Group,Conglomerate,-,Pune,1888,"Industrials, construction, automotive"
226,KPIT Technologies,Industrials,Automotive,Pune,1990,Automotive
227,Kokuyo Camlin,Consumer goods,Nondurable household products,Mumbai,1931,"Pens, stationary"
228,Konkan Railway Corporation,Industrials,Railroads,Navi Mumbai,1990,"Railway, part of Indian Railways"
229,Kotak Mahindra Bank,Financials,Banks,Mumbai,1965,Bank
230,KSK Energy Ventures,Utilities,Conventional electricity,Hyderabad,2001[5],Power generation
231,Kudremukh Iron Ore Company,Basic materials,Iron & steel,Mangaluru,1976,"Mining, iron"
232,Lakshmi Machine Works,Industrials,General industry,Coimbatore,1962,Machinery
233,Lakshmi Vilas Bank,Financials,Banks,Chennai,1926,Bank
234,Lanco Infratech,Conglomerate,-,New Delhi,1986,"Power, real estate, distribution"
235,Larsen & Toubro,Conglomerate,-,Mumbai,1938,"Industrials, ships, equipment, defense"
236,Lava International,Consumer goods,Consumer electronics,Noida,2009,"Computers, mobile handsets"
237,Liberty Shoes,Consumer goods,Clothing & accessories,Karnal,1954,Footwear
238,Life Insurance Corporation,Financials,Insurance,Mumbai,1956,State-owned Insurance company
239,Lifestyle,Department store,Store,Bangalore,1999,Department store
240,Living Media,Consumer services,Publishing,New Delhi,1975,Publisher
241,Mahanadi Coalfields,Mining,Coal mining,Sambalpur,1992,Coal mining
242,Mahindra Aerospace,Industrials,Aerospace,Mumbai,2003,Light aircraft manufacturer
243,Mahindra & Mahindra,Consumer goods,Automobiles,Mumbai,1945,Car manufacturer
244,Mahindra Group,Conglomerate,-,Mumbai,1945,"Automotive, IT services, finance, hospitality, agribusiness, aerospace, defense, logistics, real estate"
245,MakeMyTrip,Technology,Internet,Gurugram,2000,Travel & tourism
246,Mangalore Chemicals & Fertilizers,Basic materials,Specialty chemicals,Bengaluru,1974,Fertilizers
247,Mangalore Refinery and Petrochemicals Limited,Oil & gas,Exploration & production,Mangaluru,1988,"State-owned refinery, part of ONGC"
248,Marico,Consumer goods,Personal products,Mumbai,1991,Health and beauty
249,Maruti Suzuki,Consumer goods,Automobiles,New Delhi,1981,"Automotive, part of Suzuki (Japan)"
250,Mastek,Industrials,Business support services,Mumbai,1982,Consulting
251,Mazagon Dock Shipbuilders,Industrials,Shipbuilding,Mumbai,1934,Ship building
252,MECON,Industrials,Business support services,Ranchi,1973,Consulting
253,Metro Shoes,Consumer goods,Clothing & accessories,Mumbai,1947,Footwear
254,Microland,Technology,Software,Bengaluru,1989,Software consulting
255,Micromax Informatics,Consumer goods,Consumer electronics,Gurugram,2000,"Consumer electronics, mobile handsets"
256,Milky Mist Dairy,Consumer goods,Food products,Erode,1992,Dairy
257,Mindtree,Industrials,Business support services,Bengaluru,1999,"Consulting, outsourcing"
258,Mindspace,Industrials,Business support services,Mumbai,1956,Industrial parks
259,Mishra Dhatu Nigam Limited(MIDHANI),Industrials,Specialized metals,Hyderabad,1973,Alloys
260,MMTC Ltd,Financials,Investment services,New Delhi,1963,Foreign exchange
261,Mistral Solutions,Industrials,Business support services,Bengaluru,1997,"Consulting, product design"
262,MKU (company),Industrials,Defense,Kanpur,1985,Military equipment
263,MOIL,Basic materials,General mining,Nagpur,1962,Mining
264,Moser Baer,Technology,Computer hardware,New Delhi,1983,Defunct in 2018
265,Mother Dairy,Consumer goods,Food products,Noida,1974,Dairy
266,Max Healthcare,Health Care,Health care providers,New Delhi,2001,part of Max Group
267,Max Life Insurance,Insurance,Insurance,New Delhi,2001,part of Max Group
268,Max Ventures and Industries,Financials,Real estate,New Delhi,2015,part of Max Group
269,Max Group,Conglomerate,-,New Delhi,1985,"Investment, Financial services, Healthcare"
270,Mercator,Industrials,Marine transportation,Mumbai,1983,shipping
271,"Modern Coach Factory, Raebareli",Industrials,Railway Factory,Raebareli,2012,Part of Indian Railways
272,Mphasis,Industrials,Business support services,Bengaluru,2000,"Consulting, outsourcing"
273,MRF,Consumer goods,Tires,Chennai,1946,Tyres
274,MS Shoes,Consumer goods,Clothing & accessories,Delhi,1986,Footwear
275,MSTC Limited,Consumer services,E-commerce,Kolkata,1964,Metal Trading
276,Mukand,Basic materials,Iron & steel,Mumbai,1937,Steel
277,Murugappa Group,Conglomerate,-,Chennai,1900,"Cycles, general insurance, Fertilizers, Abrasives, Automotive chains, Car door frames, Steel tubes & Gearboxes"
278,Muthoot Finance,Financials,Investment services,Kochi,1939,"Financial advice, trading"
279,The Muthoot Group,Conglomerate,-,Kochi,1887,"Financials, travel & leisure, healthcare, real estate"
280,Myntra,Consumer services,Broadline retailers,Bengaluru,2009,Online shopping
281,National Aluminium Company,Basic materials,Aluminium,Bhubaneswar,1981,Aluminium mining
282,Nayara Energy,Oil & gas,Exploration & production,Mumbai,2017,Major Stock own by Russian Companies Rosneft 49.13%
283,NBCC,Financials,Real estate holding & development,New Delhi,1960,State-owned developer
284,National Fertilizers,Basic materials,Specialty chemicals,Noida,1974,Fertilizers
285,NHPC Limited,Utilities,Alternative electricity,Faridabad,1975,Hydroelectric
286,National Mineral Development Corporation (NMDC),Basic materials,General mining,Hyderabad,1958,Mining
287,National Payments Corporation of India (NPCI),Financials,Payment,Mumbai,2008,Digital payment
288,NTPC Limited,Utilities,Conventional electricity,New Delhi,1975,Power generation
289,NBC Bearings,Industrials,General industry,Jaipur,1946,Bearings
290,NDTV,Consumer services,Broadcasting & entertainment,New Delhi,1988,Television
291,Nectar Lifesciences,Health care,Pharmaceuticals & life sciences,Chandigarh,1995,Generic pharma
292,Network 18,Consumer services,Broadcasting & entertainment,Noida,1993,Mass media
293,NIIT,Industrials,Business support services,Gurugram,1981,Consulting
294,Nilkamal Plastics,Basic materials,Commodity chemicals,Mumbai,1981,Industrial and consumer plastics
295,Nirma,Basic materials,Specialty chemicals,Ahmedabad,1990,"Chemicals, cement, Fast moving consumer goods"
296,NLC India Limited,Utilities,Conventional electricity,Neyveli,1956,Power generation
297,Novanet,Cloud computing,Cloud computing,Mumbai,1999,Cloud computing
298,Nuclear Power Corporation of India,Utilities,Nuclear industry,Mumbai,1987,State nuclear power generation
299,Nykaa,Consumer services,E-commerce,Mumbai,2012,Beauty products
300,Oil and Natural Gas Corporation,Oil & gas,Exploration & production,Dehradun,1956,State oil & gas
301,Oil India,Oil & gas,Exploration & production,Duliajan,1959,Hydrocarbon exploration and production
302,One 97 Paytm,Financials,,Noida,2000,Ecommerce and fintech
303,ONGC Videsh,Oil & Gas,Oil exploration,Delhi,1989,Oil exploration
304,OMPL,Oil & Gas,Oil exploration,Mangalore,2006,Oil exploration
305,Onida Electronics,Consumer goods,Consumer electronics,Mumbai,1981,Consumer electronics
306,OnMobile,Telecommunications,Mobile telecommunications,Bengaluru,2000,Mobile operator
307,Oracle Financial Services Software,Banking Software,Banking,Mumbai,1990,Banking Software
308,Ordnance Factories Board,Industrials,Defense,Kolkata,1775,"Defense systems, firearms.  Dissolved factories assets transferred to 7 PSU's in 2021. [6]"
309,Oswald Labs,Technology,Internet,New Delhi,2016,Accessibility technology
310,Pantaloons Fashion & Retail,Consumer services,Apparel retailers,Mumbai,1997,Clothing retailer
311,Paramount Airways,Consumer services,Airlines,Chennai,2005,"Airline, defunct 2010"
312,Parle Agro,Consumer goods,Beverages,Mumbai,1984,Drinks
313,Parle Products,Consumer goods,Food products,Mumbai,1929,Food
314,Patanjali Ayurved,Consumer goods,FMCG,Haridwar,2006,Food products
315,Pawan Hans,Consumer services,Airlines,Noida,1985,Helicopter services
316,Pentamedia Graphics,Consumer services,Broadcasting & entertainment,Chennai[7],1976[7],"Animation studio, digital services"
317,Persistent Systems,Technology,Software,Nagpur,1990,"Software, consulting"
318,Petronet LNG,Oil & gas,Exploration & production,New Delhi,1998,Oil & gas
319,Pidilite Industries,Basic materials,Specialty chemicals,Mumbai,1959,"Adhesives, chemicals"
320,Pine Labs,Financials,Fintech,Noida,1998,Merchant payment
321,Piramal Enterprises,Health care,Pharmaceuticals,Mumbai,1988,Pharma
322,POSCO India,Basic materials,Iron & steel,Bhubaneswar,2005,"Steel, subsidiary of POSCO (South Korea)"
323,Power Finance Corporation,Financials,Financial services,New Delhi,1986,State financing
324,Power Grid Corporation of India,Utilities,Conventional electricity,Gurugram,1989,State power
325,Power Trading Corporation of India,Utilities,Conventional electricity,New Delhi,1999,State power
326,Praj,Basic materials,Speciality chemicals,Pune,1983,"Ethanol plant, Sugar processing"
327,Punj Lloyd,Industrials,Construction,New Delhi,1998[8],
328,Punjab & Sind Bank,Financials,Banks,New Delhi,1908,Bank
329,Punjab National Bank,Financials,Banks,New Delhi,1894,Bank
330,PVR Cinemas,Movie Theater,Movie,Gurgaon,1997,Movie Theater
331,R K Global,Financials,Investment services,Mumbai,1995,Investments
332,Raheja Developers,Financials,Real estate,New Delhi,1990,Real estate
333,Raheja Group,Financials,Real estate,Mumbai,1956,"IT Parks, parent company of Mindspace"
334,Rajesh Exports,Basic materials,Gold,Bengaluru,1989,Gold mining
335,Ramco Systems,Technology,Software,Chennai,1992,Software
336,Ramco Group,Conglomerate,-,Chennai,1961,"IT, Software, Cement, Printing, Services, trade"
337,Ranbaxy Laboratories,Health care,Pharmaceuticals,Gurugram,1961,Pharma
338,Rapido (company),Consumer services,Transport,Bengaluru,2015,Bike's Cabs
339,Rashtriya Chemicals & Fertilizers,Basic materials,Specialty chemicals,Mumbai,1978,Fertilizers
340,Rashtriya Ispat Nigam,Basic materials,Iron & steel,Visakhapatnam,1982,Steel
341,Raymond Group,Consumer services,Apparel retailers,Mumbai,1925,Fabric and fashion retailer
342,Rediff.com,Technology,Internet,Mumbai,1996,"Information, shopping portal"
343,Reliance Capital,Financials,Asset managers,Mumbai,1986,Part of Reliance Group
344,Reliance Communications,Telecommunications,Mobile telecommunications,Mumbai,2002,Part of Reliance Group
345,Reliance Entertainment,Consumer services,Broadcasting & entertainment,Mumbai,2005,Part of Reliance Group
346,Reliance Group,Conglomerate,-,Mumbai,1966,"Telecom, financials, industrials, consumer services"
347,Reliance Health,Health care,Health care providers,Mumbai,2006,Part of Reliance Group
348,Reliance Infrastructure,Industrials,Construction,Mumbai,2002,Part of Reliance Group
349,Reliance Life Insurance,Financials,Life insurance,Mumbai,2001,Part of Reliance Group
350,Reliance MediaWorks,Consumer services,Broadcasting & entertainment,Mumbai,1975,Part of Reliance Group
351,Reliance Naval and Engineering Limited,Industrials,Shipbuilding,Rajula,1997,Part of Reliance Group
352,Reliance Power,Utilities,Conventional electricity,Navi Mumbai,2007,Part of Reliance Group
353,Reliance Digital,Consumer services,Specialty retailers,Mumbai,2007,Part of Reliance Retail
354,Reliance Fresh,Consumer goods,Food products,Mumbai,2006,Part of Reliance Retail
355,Reliance Industries,Conglomerate,-,Mumbai,1966,"Oil & gas, industrials, consumer services, telecommunications"
356,Reliance Jio,Telecommunications,Mobile telecommunications,Navi Mumbai,2007,Part of Reliance Industries
357,Reliance Petroleum,Oil & gas,Exploration & production,Ahmedabad,2008,Part of Reliance Industries
358,Reliance Retail,Consumer services,Broadline retailers,Mumbai,2006,Part of Reliance Industries
359,RITES,Industrials,Transportation services,Gurugram,1974,Part of Indian Railways
360,Royal Enfield,Consumer goods,Automobiles,Chennai,1955,Motorcycles
361,Route Mobile,Technology,Internet,Mumbai,2004,Cloud computing
362,RPSG Group,Conglomerate,-,Kolkata,2011,"Industrials, Breavages, Sports club"
363,RPG Group,Conglomerate,-,Mumbai,1979,"Technology, industrials"
364,Rural Electrification Corporation,Financials,Financial services,New Delhi,1969,Electrical infrastructure financing
365,Sahara India Pariwar,Conglomerate,-,Lucknow,1978,"Financials, construction, media, retail"
366,Samtel Avionics,Aerospace & Defense,Aerospace,New Delhi,2005,Aerospace & Defense
367,Samtel Group,Conglomerate,-,New Delhi,1973,"electronics, defense, real estate, construction, education"
368,Saravana Bhavan,Consumer Goods,Food products,Chennai,1981,"Food, Sweets, Bakery, Ice Cream"
369,SAS Motors,Industrials,Agricultural & farm machinery,Faridabad,2004,Tractors
370,Sasken Technologies,Industrials,Business support services,Bengaluru,1989,Engineering
371,Sea6 Energy,Utilities,Alternative energy,Bengaluru,2010,Biofuel
372,Serum Institute of India,Health care,Pharmaceuticals & biotecnology,Pune,1966,Vaccine
373,Shapoorji Pallonji Group,Conglomerate,-,Mumbai,1865,"Real estate, industrials, consumer goods"
374,Shipping Corporation of India,Industrials,Marine transportation,Mumbai,1961,State-owned shipping
375,Shoppers Stop,Consumer services,Broadline retailers,Mumbai,1991,Online department stores
376,Shree Cement,Industrials,Building materials & fixtures,Kolkata,1979,Cement
377,Shree Ganesh Jewellery House,Consumer services,Specialty retailers,Kolkata,2002,Jeweler
378,Shree Renuka Sugars,Consumer goods,Food products,Belgaum,1998,Sugar
379,Shriram Group,Conglomerate,-,Chennai,1974,"Financials, industrials, health care"
380,Singareni Collieries Company,Basic materials,Coal,Kothagudem,1920,State coal
381,Skipper Limited,Industrials,Electrical components & equipment,Kolkata,1981,Electrical transmission infrastructure
382,Skyroot Aerospace,Space,Rockets & Space,Hyderabad,2018,Launch Vehicles
383,Snapdeal,Consumer services,E-commerece,New Delhi,2010,E-commerece
384,Sobha Ltd.,Financials,Real estate holding & development,Bengaluru,1995,Developer
385,Sonata Software,Technology,Software,Bengaluru,1986,BI and analytics
386,South Indian Bank,Financials,Banks,Thrissur,1929,Private bank
387,SpiceJet,Consumer services,Airlines,Gurugram,2004,Low-cost airline
388,SPI Cinemas,Movie Theater,Movie,Faridabad,2004,Owned by PVR Cinemas
389,State Bank of India,Financials,Banks,Mumbai,1806,State bank
390,Steel Authority of India,Basic materials,Iron & steel,New Delhi,1954,State steel
391,Sterlite Industries,Basic materials,General mining,Kolkata,1975,"Mining, part of Vedanta Resources (UK)"
392,Sterlite Technologies,Technology,Telecommunications equipment,Pune,2000,"Optical fiber & cables, part of Vedanta Resources (UK)"
393,Suminter India Organics,Consumer goods,Food products,Mumbai,2003,Organic products
394,Sun Group,Consumer services,Broadcasting & entertainment,Chennai,1992,"TV, publisher"
395,Sun Pharmaceutical,Health care,Pharmaceuticals,Mumbai,1983,Pharma
396,Surya Roshni Limited,Industrials,General industry,Delhi,1973,"Fans, PVC, kitchen appliances, lighting, steel"
397,Suzlon,Utilities,Alternative energy,Pune,1995,Turbines
398,Swaraj Mazda,Consumer goods,Automobiles,Chandigarh,1983,Defunct 2011
399,Swiggy,Technology,Internet,Bengaluru,2014,"Food delivery, Online grocery"
400,Synthite,Consumer goods,Food products,Kochi,1972,Value added spice extracts
401,Tamil Nadu Newsprint and Papers Limited,Consumer services,Publishing,Chennai,1979,State publisher
402,Tamilnad Mercantile Bank Limited,Financials,Banks,Tuticorin,1921,Bank
403,TANLA,Technology,Internet,Hyderabad,1999,Cloud computing
404,Tata Advanced Systems,Industrials,Aerospace & defense,Hyderabad,2007,Part of Tata Sons
405,Tata Business Support Services,Industrials,Business support services,Hyderabad,2004,Part of Tata Sons
406,Tata Chemicals,Basic materials,Commodity chemicals,Mumbai,1939,Part of Tata Sons
407,Tata Communications,Telecommunications,Fixed line telecommunications,Mumbai,1986,Part of Tata Sons
408,Tata Consultancy Services,Industrials,Business support services,Mumbai,1968,Part of Tata Sons
409,Tata Global Beverages,Consumer goods,Beverages,Kolkata,1964,Part of Tata Sons
410,Tata Group,Conglomerate,-,Mumbai,1868,Part of Tata Sons
411,Tata Interactive Systems,Industrials,Business support services,Mumbai and Kolkata,1990,Part of Tata Sons
412,Tata Motors,Consumer goods,Automobiles,Mumbai,1945,Part of Tata Sons
413,Tata Power,Utilities,Conventional electricity,Mumbai,1910,Part of Tata Sons
414,Tata Sky,Telecommunications,Mobile telecommunications,Mumbai,2004,Part of Tata Sons
415,Tata Steel,Basic materials,Iron & steel,Mumbai,1907,Part of Tata Sons
416,Tata Steel BSL,Basic materials,Iron & steel,New Delhi,1987,Steel
417,Tata Technologies,Industrials,Business support services,Pune,1989,Part of Tata Sons
418,Tech Mahindra,Industrials,Business support services,Pune,1986,"Consulting, BPO"
419,Tega Industries Ltd.,Industrials,Mining Equipments,Kolkata,1976,Mining Equipment
420,Terumo Penpol,Health care,Medical equipment,Thiruvananthapuram,1987,"Blood bag manufacturer, medical electronics, subsidiary of Terumo (Japan)"
421,The Himalaya Drug Company,Health care,Pharmaceuticals,Bengaluru,1930,Alternative medicines
422,The Hindu,Consumer services,Publishing,Chennai,1878,Newspaper
423,The Times Group,Consumer services,Broadcasting & entertainment,Mumbai,1838,Media conglomerate
424,Thermax,Industrials,Electrical components & equipment,Pune,1980,Energy engineering
425,Thyrocare,Health care,-,Navi Mumbai,1996,"Diagnostic, Preventive care"
426,Titagarh Wagons,Industrials,Commercial rail vehicles,Bengaluru,1953,Railways Transport
427,Titan Company,Consumer goods,Clothing & accessories,Bengaluru,1984,"Watches, Luxury products"
428,Torrent Group,Conglomerate,-,Ahmedabad,1959,"Health care, industrials"
429,Tractors and Farm Equipment Limited,Industrials,Agricultural & farm machinery,Chennai,1960,Tractors
430,TradeIndia,Technology,Internet,New Delhi,1996,Portal
431,Travancore Cochin Chemicals,Basic materials,Commodity chemicals,Kochi,1961,Chemicals
432,Travancore Titanium Products,Basic materials,Specialty chemicals,Thiruvananthapuram,1946,Titanium dioxide
433,TTK Prestige,Consumer goods,Durable household products,Chennai,1955,Cookware
434,T-Series,Consumer services,Broadcasting & entertainment,Noida,1983,Record and film producer
435,TVS Motor Company,Consumer goods,Automobiles,Chennai,1978,Motorcycles
436,UCO Bank,Financials,Banks,Kolkata,1943,State bank
437,UltraTech Cement,Industrials,Building materials & fixtures,Mumbai,1983,Cement
438,Union Bank of India,Financials,Banks,Mumbai,1919,State bank
439,Unitech Group,Financials,Real estate holding & development,New Delhi,1972,Real estate development
440,United Breweries Group,Conglomerate,-,Bengaluru,1857,"Food & beverage, engineering, financials"
441,UPL (company),Basic materials,Speciality chemicals,Mumbai,1969,Chemicals
442,USV Private Limited,Health Care,Pharmaceuticals,Navi Mumbai,1961,Medicine
443,VA Tech Wabag,Utilities,Water,Chennai,1924,Water treatment
444,Vadilal,Conglomerate,-,Ahmedabad,1907,"Chemicals, food & beverage, financials"
445,Vedanta Limited,Basic materials,General mining,New Delhi,1979,"Mining, part of Vedanta Resources (UK)"
446,V-Guard Industries,Consumer goods,Consumer electronics,Kochi,1977,Electrical goods
447,Vicco Group,Health care,Pharmaceuticals,Mumbai,1952,Alternative medicines
448,Videocon,Conglomerate,-,Mumbai,1979,"Industrials, consumer goods, oil & gas"
449,Vijaya Bank,Financials,Banks,Bengaluru,1931,State bank
450,VIP Industries,Consumer goods,Recreational products,Mumbai,1971,Luggage
451,Voltas,Consumer goods,Consumer electronics,Mumbai,1954,Home appliances
452,Voonik,Consumer services,Broadline retailers,Bengaluru,2013,Online marketplace
453,VST Industries,Consumer goods,Tobacco,Hyderabad,1930,Tobacco
454,Wadia Group,Conglomerate,-,Mumbai,1736,"Chemicals, industrials"
455,Walchandnagar Industries,Conglomerate,-,Mumbai,1908,"Defense, energy, transportation"
456,WAPCOS Limited,Water resources,Consultancy,New Delhi,1969,Engineering & Consultancy
457,Welspun Corp,Industrials,General industry,Mumbai,1995,Part of Welspun Group
458,Welspun Energy,Energy,Electricity,New Delhi,2002,Part of Welspun Group
459,Welspun Investments and Commercials,Financials,Investment,Mumbai,2008,Part of Welspun Group
460,Welspun Group,Conglomerate,-,Mumbai,1985,"Steel, Energy, Investments, Retail"
461,Welspun India,Consumer goods,Clothing & accessories,Mumbai,1985,Part of Welspun Group
462,Welspun Retail,Consumer goods,-,Mumbai,2004,Part of Welspun Group
463,Welspun Maxsteel,Basic materials,Iron & steel,Mumbai,1989,Part of Welspun Group
464,West Bengal Electronics Industry Development Corporation (WEBEL),Industrials,Electrical components & equipment,Kolkata,1974,"Capacitors, driven equipment, picture tubes, telephone exchanges"
465,West Bengal Power Development Corporation (WBPDCL),Utilities,Conventional electricity,Kolkata,1985,Power generation
466,West Bengal State Coop Bank (WBSTCB),Financials,Banks,Kolkata,1918,State bank
467,West Bengal State Electricity Distribution Company (WBSEDCL),Utilities,Conventional electricity,Kolkata,2007,State utility
468,West Bengal State Electricity Transmission Company (WBSETCL),Utilities,Conventional electricity,Kolkata,2007,State utility
469,Wipro,Industrials,Business support services,Bengaluru,1945,"Consulting, BPO"
470,XOLO,Consumer goods,Consumer electronics,Noida,2012,Mobile handsets
471,Yantra,Industrials,Defense,Nagpur,2021,Defence equipments
472,Yatra,Consumer services,Travel & tourism,Gurugram,2006,Travel agency
473,Yebhi,Consumer services,Broadline retailers,Gurugram,2009,Online retailer
474,Yepme,Consumer services,Broadline retailers,Gurugram,2011,Online retailer
475,Yes Bank,Financials,Banks,Mumbai,2004,Private bank
476,Zandu Realty,Health care,Pharmaceuticals,Mumbai,1910,"Alternative medicines, part of Emami"
477,Zee Entertainment Enterprises,Consumer services,Broadcasting & entertainment,Mumbai,1992,Broadcaster
478,Zee News,Consumer services,Broadcasting & entertainment,Mumbai,1999,News channel
479,Zeta,Finance,Fintech,Mumbai,2015,Fintech
480,Zensar Technologies,Technology,Software,Pune,1991,IT services and software
481,Zoho Corporation,Technology,Software,Chennai,1996,Business management software
482,Zomato,Technology,Internet,Gurugram,2008,Food delivery
